onset	duration	trial	event	delay	response
290.9445	10.52249999999998	1	baseline	0.05	n/a
301.467	20.02000000000004	1	heartbeat	0.05	synchronous
331.2445	10.271999999999991	2	baseline	0.0	n/a
341.5165	20.019999999999982	2	heartbeat	0.0	synchronous
401.8275	10.095500000000015	3	baseline	0.0	n/a
411.923	20.019999999999982	3	heartbeat	0.0	delayed
438.377	10.954000000000008	4	baseline	0.05	n/a
449.331	20.019999999999982	4	heartbeat	0.05	synchronous
471.0265	10.815999999999974	5	baseline	0.05	n/a
481.8425	20.02000000000004	5	heartbeat	0.05	delayed
503.81	10.549000000000035	6	baseline	0.05	n/a
514.359	20.019999999999982	6	heartbeat	0.05	delayed
536.1265	10.629500000000007	7	baseline	0.05	n/a
546.756	20.019999999999982	7	heartbeat	0.05	synchronous
569.026	10.337500000000091	8	baseline	0.05	n/a
579.3635	20.019999999999982	8	heartbeat	0.05	synchronous
600.5925	10.881500000000074	9	baseline	0.0	n/a
611.474	20.019999999999982	9	heartbeat	0.0	delayed
633.359	10.966999999999985	10	baseline	0.0	n/a
644.326	20.019999999999982	10	heartbeat	0.0	synchronous
665.509	10.138500000000022	11	baseline	0.0	n/a
675.6475	20.019999999999982	11	heartbeat	0.0	delayed
697.1585	10.260999999999967	12	baseline	0.0	n/a
707.4195	20.019999999999982	12	heartbeat	0.0	synchronous
729.6085	10.875499999999988	13	baseline	0.0	n/a
740.484	20.019999999999982	13	heartbeat	0.0	synchronous
761.525	10.838500000000067	14	baseline	0.0	n/a
772.3635	20.019999999999982	14	heartbeat	0.0	delayed
794.791	10.703499999999963	15	baseline	0.0	n/a
805.4945	20.011999999999944	15	heartbeat	0.0	synchronous
826.841	10.576000000000022	16	baseline	0.0	n/a
837.417	20.000499999999988	16	heartbeat	0.0	synchronous
859.891	10.855999999999995	17	baseline	0.05	n/a
870.747	20.019499999999994	17	heartbeat	0.05	delayed
892.124	10.409999999999968	18	baseline	0.0	n/a
902.534	20.019499999999994	18	heartbeat	0.0	synchronous
924.44	10.430999999999926	19	baseline	0.05	n/a
934.871	20.019999999999982	19	heartbeat	0.05	synchronous
956.94	10.290499999999952	20	baseline	0.0	n/a
967.2305	20.019999999999982	20	heartbeat	0.0	synchronous
988.123	10.791999999999916	21	baseline	0.0	n/a
998.915	20.019999999999982	21	heartbeat	0.0	synchronous
1020.3395	10.376999999999953	22	baseline	0.05	n/a
1030.7165	20.019999999999982	22	heartbeat	0.05	synchronous
1051.5725	10.704500000000053	23	baseline	0.0	n/a
1062.277	20.019999999999982	23	heartbeat	0.0	delayed
1083.506	10.34050000000002	24	baseline	0.05	n/a
1093.8465	20.019999999999982	24	heartbeat	0.05	synchronous
1115.7555	10.17100000000005	25	baseline	0.0	n/a
1125.9265	20.01949999999988	25	heartbeat	0.0	synchronous
1147.5385	10.501999999999953	26	baseline	0.05	n/a
1158.0405	20.019999999999982	26	heartbeat	0.05	synchronous
1180.1715	10.708500000000186	27	baseline	0.05	n/a
1190.88	20.019999999999982	27	heartbeat	0.05	synchronous
1213.538	10.863000000000056	28	baseline	0.05	n/a
1224.401	20.01949999999988	28	heartbeat	0.05	synchronous
1246.821	10.060500000000047	29	baseline	0.0	n/a
1256.8815	20.019500000000107	29	heartbeat	0.0	synchronous
1279.104	10.246499999999969	30	baseline	0.05	n/a
1289.3505	20.01949999999988	30	heartbeat	0.05	synchronous
1311.0705	10.913999999999987	31	baseline	0.05	n/a
1321.9845	20.019999999999982	31	heartbeat	0.05	synchronous
1342.887	10.170499999999947	32	baseline	0.0	n/a
1353.0575	20.02000000000021	32	heartbeat	0.0	synchronous
1373.9535	10.454499999999825	33	baseline	0.05	n/a
1384.408	20.017000000000053	33	heartbeat	0.05	delayed
1405.553	10.014499999999998	34	baseline	0.0	n/a
1415.5675	20.01949999999988	34	heartbeat	0.0	synchronous
1436.5195	10.34849999999983	35	baseline	0.05	n/a
1446.868	20.019999999999982	35	heartbeat	0.05	synchronous
1468.0025	10.191000000000031	36	baseline	0.05	n/a
1478.1935	20.019999999999982	36	heartbeat	0.05	delayed
1500.369	10.715000000000146	37	baseline	0.05	n/a
1511.084	20.019999999999982	37	heartbeat	0.05	synchronous
1533.0355	10.496499999999969	38	baseline	0.05	n/a
1543.532	20.019500000000107	38	heartbeat	0.05	synchronous
1564.635	10.512500000000045	39	baseline	0.05	n/a
1575.1475	20.019999999999982	39	heartbeat	0.05	delayed
1597.0515	10.740999999999985	40	baseline	0.05	n/a
1607.7925	20.01949999999988	40	heartbeat	0.05	synchronous
1628.768	10.964999999999918	41	baseline	0.0	n/a
1639.733	20.019500000000107	41	heartbeat	0.0	delayed
1662.018	10.78449999999998	42	baseline	0.0	n/a
1672.8025	20.019999999999982	42	heartbeat	0.0	synchronous
1693.9675	10.663000000000011	43	baseline	0.0	n/a
1704.6305	20.019999999999982	43	heartbeat	0.0	synchronous
1725.634	10.133000000000038	44	baseline	0.05	n/a
1735.767	20.01949999999988	44	heartbeat	0.05	synchronous
1756.8	10.58400000000006	45	baseline	0.05	n/a
1767.384	20.01949999999988	45	heartbeat	0.05	synchronous
1790.05	10.916500000000042	46	baseline	0.0	n/a
1800.9665	20.019500000000107	46	heartbeat	0.0	synchronous
1821.933	10.752500000000055	47	baseline	0.0	n/a
1832.6855	20.019999999999982	47	heartbeat	0.0	synchronous
1854.266	10.398500000000013	48	baseline	0.0	n/a
1864.6645	20.01949999999988	48	heartbeat	0.0	synchronous
1888.3825	10.37350000000015	49	baseline	0.05	n/a
1898.756	20.01949999999988	49	heartbeat	0.05	synchronous
1920.0655	10.798500000000104	50	baseline	0.05	n/a
1930.864	20.01949999999988	50	heartbeat	0.05	synchronous
1952.182	10.953500000000076	51	baseline	0.05	n/a
1963.1355	20.019999999999982	51	heartbeat	0.05	synchronous
1984.465	10.626500000000078	52	baseline	0.0	n/a
1995.0915	20.019999999999982	52	heartbeat	0.0	synchronous
2018.3645	10.02150000000006	53	baseline	0.0	n/a
2028.386	20.019999999999982	53	heartbeat	0.0	delayed
2050.181	10.233000000000175	54	baseline	0.0	n/a
2060.414	20.01949999999988	54	heartbeat	0.0	synchronous
2081.9975	10.842999999999847	55	baseline	0.0	n/a
2092.8405	20.019999999999982	55	heartbeat	0.0	synchronous
2113.9805	10.73700000000008	56	baseline	0.05	n/a
2124.7175	20.019999999999982	56	heartbeat	0.05	synchronous
2146.18	10.695000000000164	57	baseline	0.05	n/a
2156.875	20.019999999999982	57	heartbeat	0.05	delayed
2178.7135	10.319500000000062	58	baseline	0.05	n/a
2189.033	20.01949999999988	58	heartbeat	0.05	synchronous
2211.0965	10.597999999999956	59	baseline	0.05	n/a
2221.6945	20.019999999999982	59	heartbeat	0.05	synchronous
2243.1795	10.334499999999935	60	baseline	0.05	n/a
2253.514	20.019999999999982	60	heartbeat	0.05	delayed
2275.6125	10.384999999999764	61	baseline	0.0	n/a
2285.9975	20.01949999999988	61	heartbeat	0.0	synchronous
2307.0955	10.619500000000244	62	baseline	0.0	n/a
2317.715	20.01949999999988	62	heartbeat	0.0	synchronous
2339.362	10.57049999999981	63	baseline	0.05	n/a
2349.9325	20.019999999999982	63	heartbeat	0.05	synchronous
2371.462	10.954499999999825	64	baseline	0.0	n/a
2382.4165	20.019500000000335	64	heartbeat	0.0	delayed
2403.5615	10.057500000000346	65	baseline	0.05	n/a
2413.619	20.019999999999982	65	heartbeat	0.05	synchronous
2435.1945	10.934999999999945	66	baseline	0.0	n/a
2446.1295	20.01949999999988	66	heartbeat	0.0	synchronous
2467.261	10.42450000000008	67	baseline	0.05	n/a
2477.6855	20.019999999999982	67	heartbeat	0.05	delayed
2498.694	10.49499999999989	68	baseline	0.05	n/a
2509.189	20.019500000000335	68	heartbeat	0.05	synchronous
2530.11	10.591499999999996	69	baseline	0.0	n/a
2540.7015	20.01949999999988	69	heartbeat	0.0	delayed
2562.51	10.390999999999622	70	baseline	0.05	n/a
2572.901	20.019999999999982	70	heartbeat	0.05	synchronous
2593.8095	10.264000000000124	71	baseline	0.0	n/a
2604.0735	20.019999999999982	71	heartbeat	0.0	synchronous
2625.243	10.84900000000016	72	baseline	0.0	n/a
2636.092	20.01949999999988	72	heartbeat	0.0	synchronous
2657.2255	10.503499999999804	73	baseline	0.0	n/a
2667.729	20.019999999999982	73	heartbeat	0.0	delayed
2689.542	10.905500000000302	74	baseline	0.05	n/a
2700.4475	20.019999999999982	74	heartbeat	0.05	synchronous
2721.8585	10.223500000000058	75	baseline	0.05	n/a
2732.082	20.019999999999982	75	heartbeat	0.05	synchronous
2753.292	10.817000000000007	76	baseline	0.0	n/a
2764.109	20.019999999999982	76	heartbeat	0.0	synchronous
2785.1915	10.797000000000025	77	baseline	0.0	n/a
2795.9885	20.019999999999982	77	heartbeat	0.0	synchronous
2817.358	10.428999999999633	78	baseline	0.05	n/a
2827.787	20.019999999999982	78	heartbeat	0.05	synchronous
2848.941	10.930500000000393	79	baseline	0.05	n/a
2859.8715	20.01949999999988	79	heartbeat	0.05	synchronous
2881.0905	10.7475000000004	80	baseline	0.05	n/a
2891.838	20.019999999999982	80	heartbeat	0.05	synchronous
2913.0735	10.445000000000164	81	baseline	0.05	n/a
2923.5185	20.01949999999988	81	heartbeat	0.05	synchronous
2944.64	11.009000000000015	82	baseline	0.05	n/a
2955.649	20.019500000000335	82	heartbeat	0.05	delayed
2978.4895	10.32699999999977	83	baseline	0.0	n/a
2988.8165	20.019999999999982	83	heartbeat	0.0	synchronous
3009.9225	10.742999999999938	84	baseline	0.0	n/a
3020.6655	20.019999999999982	84	heartbeat	0.0	synchronous
3041.6055	10.054499999999734	85	baseline	0.0	n/a
3051.66	20.019999999999982	85	heartbeat	0.0	synchronous
3073.0725	10.625999999999749	86	baseline	0.0	n/a
3083.6985	20.019999999999982	86	heartbeat	0.0	synchronous
3104.9385	10.581499999999778	87	baseline	0.0	n/a
3115.52	20.019999999999982	87	heartbeat	0.0	delayed
3136.6885	10.216999999999643	88	baseline	0.0	n/a
3146.9055	20.019500000000335	88	heartbeat	0.0	synchronous
3168.0545	10.586999999999989	89	baseline	0.0	n/a
3178.6415	20.01949999999988	89	heartbeat	0.0	delayed
3202.1545	10.38299999999981	90	baseline	0.0	n/a
3212.5375	20.01949999999988	90	heartbeat	0.0	synchronous
3233.4375	10.293500000000222	91	baseline	0.0	n/a
3243.731	20.019999999999982	91	heartbeat	0.0	synchronous
3281.0745	10.611499999999978	92	baseline	0.05	n/a
3291.686	20.01949999999988	92	heartbeat	0.05	synchronous
3312.924	10.996500000000196	93	baseline	0.0	n/a
3323.9205	20.019999999999982	93	heartbeat	0.0	delayed
3344.757	10.25	94	baseline	0.05	n/a
3355.007	20.019999999999982	94	heartbeat	0.05	synchronous
3375.8235	10.552000000000135	95	baseline	0.05	n/a
3386.3755	20.019999999999982	95	heartbeat	0.05	synchronous
3407.19	10.733999999999924	96	baseline	0.05	n/a
3417.924	20.019999999999982	96	heartbeat	0.05	synchronous
3439.006	10.685500000000047	97	baseline	0.05	n/a
3449.6915	20.019999999999982	97	heartbeat	0.05	delayed
3470.5725	10.954999999999927	98	baseline	0.0	n/a
3481.5275	20.01949999999988	98	heartbeat	0.0	delayed
3502.572	10.516999999999825	99	baseline	0.05	n/a
3513.089	20.019999999999982	99	heartbeat	0.05	synchronous
3534.0385	10.846000000000004	100	baseline	0.0	n/a
3544.8845	20.019999999999982	100	heartbeat	0.0	synchronous
